{
    "version": "1.3.6",
    "versions": [
        {
            "1.3.2": {
                "add": [
                    "app.py"
                ]
            }
        },
        {
            "1.3.3": {
                "add": [
                    "app.py",
                    "templates/config.html",
                    "templates/createfile.html",
                    "templates/execute.html",
                    "templates/file.html",
                    "templates/index.html",
                    "templates/install.html",
                    "templates/view.html"
                ],
                "merge": [
                    "file_config.json"
                ]
            }
        },
        {
            "1.3.4": {
                "add": [
                    "templates/file.html",
                    "templates/config.html",
                    "templates/view.html",
                    "templates/index.html",
                    "templates/update.html",
                    "static/css/style.css",
                    "default-config.json",
                    "app.py"
                ]
            }
        },
        {
            "1.3.5": {
                "add": [
                    "static/css/style.css",
                    "static/css/evergreen.css",
                    "static/css/evergreen_dark.css",
                    "static/css/code.css",
                    "static/css/code_dark.css",
                    "templates/index.html",
                    "templates/createfile.html",
                    "templates/execute.html",
                    "templates/config.html",
                    "templates/install.html",
                    "templates/thumb.html",
                    "templates/update.html",
                    "templates/view.html",
                    "templates/file.html",
                    "app.py",
                    "requirements.txt"
                ]
            }
        },
        {
            "1.3.6": {
                "add": [
                    "app.py",
                    "templates/install.html",
                    "templates/thumb.html",
                    "templates/file.html",
                    "static/css/code.css",
                    "static/css/code_dark.css",
                    "static/css/evergreen.css",
                    "static/css/evergreen_dark.css"
                ]
            }
        }
    ],
    "theme": "code_dark.css"
}